date,z_sf_L1,z_sf_L2,z_sf_L3,z_fs_L1,z_fs_L2,z_fs_L3,z_sf,z_fs,p_high_fs,p_high_sf
2020-07-08,18.588849139653718,16.712355876759602,14.374078686387199,17.70659877020722,16.2670686185985,14.182736127453259,16.558427900933506,16.052134505419662,3.622719097685738e-05,6.69157581979355e-05
2020-07-15,17.53081239446016,15.799718421519545,13.684617092301744,16.816916602005932,15.450061738839496,13.533057259184007,15.671715969427149,15.266678533343145,4.0589158817077257e-07,7.261834015504793e-07
2020-07-22,17.077895603901638,15.114966762856746,13.30400358936025,16.479085008986743,14.851462666585613,13.181848261784097,15.165621985372878,14.837465312452151,2.6014509001137463e-07,4.3281326476726564e-07
2020-07-29,16.873934840855988,14.736850849457507,12.969018792048312,16.35267458621298,14.513513482634197,12.86832719867612,14.859934827453936,14.5781717558411,2.0438968589410277e-07,3.3278337607204323e-07
2020-08-05,16.902148278957515,14.478550584924466,12.750259645872774,16.414676699356985,14.27929570340935,12.663992659911246,14.710319503251585,14.452655020892527,2.0086074013722916e-07,3.2648710780161705e-07
2020-08-12,16.811583677123206,14.287113683625618,12.545438093473956,16.350020520301808,14.11398531730126,12.475081064872834,14.548045151407592,14.313028967491967,2.0086455564188595e-07,3.2649016502116473e-07
2020-08-19,17.14113746410493,14.634475326370804,12.87397931041735,16.699490423220475,14.464292104925043,12.80957623000801,14.883197366964362,14.657786252717843,2.2006243041525682e-07,3.3954032924103753e-07
2020-08-26,18.2789413477473,15.537257856831344,13.726314315931125,17.791445223732158,15.366600048214268,13.66145018165314,15.847504506836591,15.60649848453319,5.448151472595293e-07,7.984731834143421e-07
2020-09-02,18.81086539321868,16.14124705074879,14.451926810627695,18.304122087346382,15.955852270699534,14.370996570790478,16.468013084865056,16.210323642945465,9.976804911321995e-07,1.4380415447673438e-06
2020-09-10,18.291734339405906,16.191496761418247,14.796622419686434,17.81335693370338,15.998522635473329,14.709031630479426,16.4266178401702,16.173637066552047,9.613979266143574e-07,1.3819721153699211e-06
2020-09-17,16.928016123260036,16.16634221736828,15.49241834939247,16.581143299237677,16.019391723719604,15.418888709333965,16.195592230006927,16.006474577430414,8.128058272226973e-07,1.1089008948708974e-06
2020-09-24,17.437604640122355,17.039806411092716,16.655477345328425,17.203960292531605,16.923953050265045,16.60405969933533,17.044296132181163,16.91065768071066,2.098934858727319e-06,2.5898500791259032e-06
2020-10-01,18.44236190139572,18.269718349076733,17.99991092373281,18.46037084935978,18.258112861167408,17.982594747435293,18.237330391401755,18.233692819320826,1.5231124504736015e-05,1.612854611881718e-05
2020-10-08,19.381251228102396,19.75939506141539,19.696430268189843,19.410978278632232,19.758224465750594,19.684333455731483,19.612358852569212,19.617845400038103,0.0006873017034317894,0.0007525133210729423
2020-10-15,21.197578284739798,21.94649313503428,21.819797938217,21.22869243146108,21.938483851524396,21.801992008971414,21.654623119330363,21.656389430652297,0.013936105849774167,0.015704486954024932
2020-10-22,25.220714910923892,24.112736767206858,21.505552677862273,25.214395395466617,24.09599704218833,21.498003653117483,23.613001451997675,23.602798696924143,0.03266228779419504,0.0369521976122212
2020-10-29,26.624310370096474,21.559473044204395,17.820127766771417,26.61201804846772,21.556058417668094,17.821472167169713,22.001303727024094,21.996516211101845,0.01808591411657811,0.020557275385004337
2020-11-05,26.40495047648179,18.725007011533076,14.028009758031658,26.401925253557003,18.726799432271175,14.028874499277233,19.71932241534884,19.71919972836847,0.0009829854414345057,0.00109334987821424
2020-11-12,24.87564793744688,15.620862661459821,11.220345077974594,24.882078442361834,15.620862661459821,11.220345077974594,17.238951892293766,17.24109539393208,5.98122228670473e-06,6.658821561184648e-06
2020-11-19,24.870621655626643,14.750670171464225,10.464318704055744,24.870621655626643,14.750670171464225,10.464318704055744,16.695203510382203,16.695203510382203,1.6581937800898828e-06,1.8091186626630507e-06
2020-11-30,25.64372944787135,14.766035608015779,10.131806482936435,25.64372944787135,14.766035608015779,10.131806482936435,16.847190512941186,16.847190512941186,1.93563173892547e-06,2.0921415227261994e-06
2020-12-07,23.81826289448641,14.69221940939185,10.54996185671676,23.81826289448641,14.69221940939185,10.54996185671676,16.35348138686501,16.35348138686501,1.1578888906700038e-06,1.289808532125349e-06
2020-12-14,23.619758190282045,15.143195238962146,11.612570177524358,23.619758190282045,15.143195238962146,11.612570177524358,16.791841202256183,16.791841202256183,1.8274871171470579e-06,1.9815325834347275e-06
2020-12-21,22.685323196481093,15.744081421320555,12.89015183725377,22.685323196481093,15.744081421320555,12.89015183725377,17.106518818351805,17.106518818351805,2.5593171417594396e-06,2.7276857772306087e-06
2020-12-29,22.76144374441728,16.28526595018296,13.404940836165514,22.75885011721179,16.2842728159708,13.404118623455968,17.48388351025525,17.482413852212854,3.905728744252781e-06,4.093320791700671e-06
2021-01-06,23.85597926496883,17.957692627578414,14.571784934018758,23.849523431503947,17.95611609940412,14.571095224017714,18.795152275522003,18.792244918308594,1.7792726896115723e-05,1.799802734424762e-05
2021-01-13,22.716902904818728,17.43484654987455,14.385324911483702,22.701126480700957,17.430456674840396,14.383602083291596,18.17902478872566,18.171728412944315,4.686743390380196e-05,5.430695617958241e-05
2021-01-21,23.12576951286109,18.560708479863273,16.169333405278774,23.093390099979104,18.541335450950196,16.157249898588645,19.285270466001048,19.263991816505982,0.004393407406054255,0.005108181465616908
2021-01-28,25.13679928638668,20.714531593700393,17.719861084916676,25.050423219556652,20.655227891113704,17.68638540148889,21.190397321667916,21.130678837386416,0.14333464870630924,0.1646673531362819
2021-02-04,26.837720619020725,21.88450799632722,18.489603311729006,26.742857220659616,21.82270953008579,18.452781196043922,22.403943975692318,22.339449315596443,0.5690935390657959,0.6193835527011186
2021-02-11,27.128133322263963,22.231558084410025,18.729399394499733,27.06624951105569,22.18778847522913,18.696343675179612,22.69636360039124,22.650127220488145,0.8242409413752315,0.8607354708228266
2021-02-19,26.35044905300151,22.329957796742256,18.86351012098463,26.2757433967084,22.281736528451997,18.8233377258924,22.514638990242798,22.460272550350933,0.9231932609924137,0.9445900656428078
2021-02-26,26.49304162025135,22.32952579171605,18.891212837746917,26.392502129662592,22.261868724836944,18.833086884949022,22.571260083238105,22.495819246482853,0.9736323229568522,0.982813895797583
2021-03-05,28.05661567626313,23.93207630281182,20.372873264381198,27.92777701145223,23.820846388080113,20.28794794242143,24.120521747818714,24.012190447317924,0.998575046037034,0.9992858838536837
2021-03-12,28.894339371948416,25.00593529727288,21.542623740314415,28.731810693351253,24.913218833903525,21.461693429666976,25.14763280317857,25.035574318973918,0.9999727932231097,0.999986990203734
2021-03-19,30.75969528239761,25.813001367017645,22.000361012766117,30.562068739256453,25.73368031569681,21.92482991227743,26.191019220727124,26.07352632241023,0.9999978123788146,0.9999986961716733
2021-03-26,35.37391309054626,28.372996974392315,23.12372821820977,35.10423361181438,28.251556709404024,23.041481774818852,28.956879427716114,28.799090698679084,0.9999999787306345,0.9999999918912478
2021-04-05,37.7645153130682,30.012537275547004,24.585831318129728,37.43779448751802,29.840601493541836,24.495363495242685,30.78762796891498,30.591253158767515,0.9999999991946968,0.9999999997958846
2021-04-12,35.82643466378307,29.560030572530767,24.520348195078363,35.52746107921833,29.365366968424237,24.454003968500583,29.96893781046407,29.782277338714383,0.9999999963876907,0.9999999989067316
2021-04-19,32.34516747547673,26.83519767937136,22.727593966297615,32.12196933956956,26.685168722977018,22.673138195149036,27.3026530403819,27.160092085898537,0.9999996393981578,0.999999818751276
2021-04-26,29.06272421415801,24.960832092828742,21.920036838100902,28.8846796344414,24.841025107600956,21.874715564578747,25.31453104836255,25.200140102207033,0.9999914660802524,0.999994309903581
2021-05-03,28.043897608526663,25.234585725342473,23.177649958106716,27.92436176403743,25.128242745232612,23.13629085624969,25.48537776399195,25.39629845517324,0.999993700007997,0.9999957095712916
2021-05-10,28.960999805016417,26.302786724723052,24.569954319346387,28.837431105972875,26.200140648424533,24.54670491884682,26.611246949695285,26.528092224414745,0.9999989752146604,0.9999993781364285
2021-05-17,28.82984984927874,26.511358074245337,25.00084236315692,28.745725373520848,26.40578671728326,24.97032834231351,26.780683428893667,26.707280144372536,0.9999992410476607,0.9999995407645028
2021-05-24,29.271439247649297,27.528987577224395,26.33163423187319,29.211608959846952,27.441204527190493,26.300481008654792,27.710687018915632,27.651098165230746,0.9999998438911215,0.9999999144665002
2021-06-01,30.67240562074597,28.565180718766392,26.573581417309004,30.62000526555691,28.508941146216106,26.566617693351578,28.60372258560712,28.56518803504153,0.9999999678564196,0.9999999839867519
2021-06-08,27.886884706980137,26.497481593863846,23.85870819152494,27.838738095104855,26.469928991482867,23.891393433836946,26.08102483078964,26.066686840141557,0.9999978461221317,0.999998443858933
2021-06-15,28.09345047839736,27.226849132494998,23.64874758230023,28.032794272793456,27.214997229931026,23.695396196319138,26.3230157310642,26.314395899681205,0.999998491773813,0.999998934803067
2021-06-22,26.35810503094576,24.77813420623686,21.468156903735935,26.321651468542917,24.79325353504747,21.519001688619753,24.201465380306185,24.21130223073671,0.9999578372509508,0.9999628272027113
2021-06-29,26.634459062251057,24.14592009899548,20.110319720890185,26.606588778514006,24.151948940976414,20.12182331507292,23.630232960712238,23.626787011521113,0.9999038587320086,0.999913397111678
2021-07-07,29.11243941169786,25.37187810349165,20.341102794609892,29.06074254567378,25.353609252664974,20.335625116046494,24.941806769933134,24.916658971461754,0.9999855199708781,0.9999886024609427
2021-07-14,30.781993216704354,27.103211436192385,20.953505037912997,30.7357639535471,27.080332966554064,20.94555263926465,26.27956989693658,26.25388318645527,0.9999983756336813,0.999998877460294
2021-07-21,31.797581845049613,25.490002697822757,18.95910822949156,31.757854917147863,25.483537860577684,18.956159394410047,25.415564257454644,25.399184057378534,0.9999937435881198,0.9999951838455687
2021-07-28,35.38859635449404,24.143124175520775,16.89071174825567,35.37932283536776,24.143124175520775,16.88881249099483,25.47414409275683,25.47041983396112,0.9999944114374267,0.9999956350413819
2021-08-04,45.48786593954208,25.228742947674707,16.001825559975654,45.48786593954208,25.228742947674707,16.001825559975654,28.906144815730816,28.906144815730816,0.9999999823488395,0.9999999910249963
2021-08-11,49.68953361518688,24.72015886294413,15.065281646777816,49.68953361518688,24.72015886294413,15.065281646777816,29.82499137496961,29.82499137496961,0.9999999966606467,0.9999999985396316
2021-08-18,47.21565975562529,23.65067701656259,14.42083811198374,47.21565975562529,23.65067701656259,14.42083811198374,28.429058294723873,28.429058294723873,0.999999959256777,0.9999999776904647
2021-08-25,43.71552870205592,22.641251218165547,13.89345024227908,43.71552870205592,22.641251218165547,13.89345024227908,26.750076720833516,26.750076720833516,0.9999992930944209,0.9999995153260094
2021-09-01,43.070474771103996,22.90119247179828,14.386527535917434,43.070474771103996,22.90119247179828,14.386527535917434,26.786064926273237,26.786064926273237,0.9999993337603071,0.9999995451860858
2021-09-09,45.8783481322332,22.900209790283277,14.520738405456113,45.8783481322332,22.900209790283277,14.520738405456113,27.7664321093242,27.7664321093242,0.9999998714888536,0.9999999226893082
2021-09-16,42.04787355628895,22.030744775187465,13.996807358233008,42.04787355628895,22.030744775187465,13.996807358233008,26.025141896569806,26.025141896569806,0.9999976719906747,0.9999982716993313
2021-09-23,38.36740915001823,21.836175024105074,14.775384330769965,38.36740915001823,21.836175024105074,14.775384330769965,24.99298950163109,24.99298950163109,0.9999880763213741,0.9999902333456492
2021-09-30,37.097706086772,22.149991174501597,15.504371625048618,37.097706086772,22.149991174501597,15.504371625048618,24.91735629544074,24.91735629544074,0.9999827383855259,0.9999861551911654
2021-10-07,34.80152616543414,20.81969584548272,14.564775307156733,34.80152616543414,20.81969584548272,14.564775307156733,23.395332439357862,23.395332439357862,0.9997120541811153,0.9997479679524756
2021-10-14,32.597198969958775,20.659120582781576,14.995206119268673,32.597198969958775,20.659120582781576,14.995206119268673,22.750508557336342,22.750508557336342,0.9986767676551136,0.9988072487251328
2021-10-21,29.702850025671115,21.136298656011064,15.85857338620768,29.69836343895228,21.135056447600885,15.857506501434356,22.23257402262995,22.23030879599584,0.9965387618053098,0.9968117244998449
2021-10-28,28.743548269454717,20.69554955283071,15.953139669839413,28.721682837376207,20.687829015044986,15.947729720085546,21.797412497374946,21.78574719083558,0.9948095371284746,0.9951875773240861
2021-11-04,28.856552353106903,20.920123714374444,16.396006157265415,28.82999886628692,20.906898499317617,16.384664142347972,22.057560741582254,22.040520502650836,0.9960650124034961,0.9964092560949833
2021-11-11,30.215574893074876,21.600205769847044,16.884012983308747,30.183579269577944,21.586921456087925,16.872915210623955,22.899931215410223,22.881138645429942,0.9987777720686443,0.9989436857981967
2021-11-18,32.46408361932881,22.262875503971557,16.71264601565471,32.44556515533773,22.253906968772412,16.70893011078586,23.813201712985023,23.802800744965335,0.9997910491089647,0.9998313372324305
2021-11-29,32.03378806715006,20.96614626085087,15.581036270983997,32.01629047135715,20.958564093976452,15.577878114566444,22.86032353299498,22.850910893300014,0.9995916376893219,0.9996333932248906
2021-12-06,33.373301223911014,20.782483819781888,15.466971369417012,33.35351436992834,20.77545349939152,15.464845296956488,23.207585471036637,23.197937722092117,0.9996635580151866,0.9997028365447722
2021-12-13,32.22852165368918,20.276499009331815,15.343233733176426,32.21052775568523,20.26966605640072,15.341323414796713,22.616084798732473,22.60717240896089,0.9994345589262051,0.9994790603254258
2021-12-20,32.723467870778194,20.94036973927097,16.248421107948573,32.70466285413388,20.933227492249962,16.246662223395475,23.304086239332577,23.294850856593104,0.9997659377879801,0.9997916198424341
2021-12-28,33.84633562709338,21.92401185760651,16.5074830345361,33.82572274527062,21.916688510103448,16.507536731651005,24.092610173078665,24.083315995675022,0.9999422050784716,0.9999507392722736
2022-01-04,36.0917075800957,22.863777105559677,16.947803226849505,36.067372405996586,22.85616283049835,16.948267169529597,25.30109597083496,25.290600802008175,0.9999921927470494,0.9999939102874996
2022-01-11,38.4911298556316,24.882389823587708,17.84094336591731,38.46240983150759,24.873925035874603,17.84220907276676,27.071487681712203,27.05951464671632,0.9999995737214996,0.9999997249539095
2022-01-19,42.305193043961594,26.607828491772572,18.35854991723727,42.263598796408864,26.603047758472147,18.36394184523117,29.090523817657147,29.076862800037393,0.9999999870518592,0.9999999937537415
2022-01-26,41.52763460750603,26.51011903683642,17.91168432840952,41.47308180054672,26.507288794020813,17.91834266831794,28.64981265758399,28.632904420961825,0.9999999715338862,0.9999999853631996
2022-02-02,38.64258162713831,26.587523433362804,18.8625732966767,38.499986123958706,26.550920422470817,18.861470230892394,28.03089278572594,27.97079225910731,0.9999999097253328,0.9999999527820996
2022-02-09,35.12662287227524,25.831215259883344,19.56087008087393,35.028875394877986,25.805360875779293,19.56150266472096,26.83956940434417,26.79857964512608,0.9999993444767624,0.9999995849154938
2022-02-16,33.41331933696736,24.26134383205885,18.96293486802144,33.35433000404156,24.273139645935057,18.98098276544608,25.54586601234922,25.536150805140903,0.9999949902361537,0.9999961460160567
2022-02-24,37.755310638601905,27.206719323626377,20.406728798422716,37.883340050461626,27.25389713894089,20.431945312350432,28.456252920217,28.52306083391765,0.9999999652205767,0.9999999787096848
2022-03-03,34.05832249237215,25.725782773156723,19.59246085598137,34.15485478323604,25.772267126046955,19.625962014409584,26.458855373836744,26.51769464123086,0.999998116849919,0.9999986788705313
2022-03-10,30.19021963356915,25.066949203758526,21.216348582701198,30.23646907737689,25.078857613440555,21.223364948525887,25.491172473342957,25.512897213114442,0.9992193015045523,0.9993929417547056
2022-03-17,27.21007219060912,22.45550283506713,19.752059698829296,27.23878933459003,22.46357461443372,19.757139982546015,23.139211574835183,23.153167977189923,0.857348174970876,0.8630551217592067
2022-03-24,24.29250751224994,19.75596362401143,17.502122048661864,24.302415708890102,19.74413054694648,17.487104183786517,20.51686439497441,20.5112168132077,0.11278087224644459,0.11261290754282591
2022-03-31,23.22156873128489,18.465936820321737,16.293725827276912,23.239627590795845,18.481881482942953,16.297005522217255,19.327077126294512,19.339504865318684,0.003974781607843256,0.003858597292725034
2022-04-07,23.220414644280943,17.511590293399877,15.037653021879537,23.22931702770418,17.519033434642264,15.03719949117526,18.58988598652012,18.59518331784057,0.0002913940841785475,0.0002794525639621285
2022-04-14,25.023026217002343,17.666144621008673,14.605801281139676,25.031973200621152,17.679424721557844,14.611270389828364,19.098324039716896,19.10755610400245,0.0034559673057789793,0.003398128490513248
2022-04-22,27.924407638235497,19.307287259693243,15.206591894000654,27.9267382726684,19.339610769921094,15.211666693174541,20.812762263976463,20.82600524525468,0.12766582518684214,0.12834070777372653
2022-04-29,30.274060184257394,21.184544659795066,16.030242251379065,30.186478773520175,21.167783447137268,16.003267546446708,22.49628236514384,22.45250992236805,0.6943939889452717,0.7154613413074992
2022-05-06,31.852187198019838,23.205935615796264,17.362862917290638,31.759487279666658,23.16471493402569,17.328394742802068,24.14032857703558,24.084198985498137,0.9851299337518956,0.9888194310330221
2022-05-13,30.980160119003063,23.85677196124507,17.809332477489875,30.919101678043123,23.812658421718552,17.77467631760244,24.215421519246004,24.16881213912137,0.999317346603791,0.9995748097710127
2022-05-20,30.091194632230543,24.25989442366251,18.35249314879392,30.02083535013089,24.174514551305933,18.299842881559748,24.23452740156232,24.16506426099886,0.9999262898413861,0.9999514417448992
2022-05-27,28.10802888523427,24.47840092976182,19.491192997257567,27.99886772288395,24.364430285593503,19.413587413098437,24.025874270751217,23.925628473858634,0.9999356269631503,0.9999521529591869
2022-06-06,29.274014414739742,25.440054343919424,19.547849480815216,29.138621922068488,25.33620422078682,19.48350081953017,24.75397274649146,24.652775654128494,0.9999778275522213,0.9999844643032416
2022-06-13,27.89133542356512,24.688706009088566,19.627064229387774,27.80893656813463,24.635852963449555,19.59811297026317,24.069035220680487,24.014300833949118,0.9999456479438775,0.9999562113387441
2022-06-21,29.06639764340602,25.038928949899603,19.220962121913935,29.0175764885058,24.98447118756224,19.213141053615754,24.44209623840652,24.405062909894596,0.9999668817162121,0.9999737544093982
2022-06-28,28.97412023705211,24.32882652506584,18.312745586352843,28.928072544230726,24.277562349613895,18.277550517081536,23.871897449490262,23.827728470308717,0.9999073134009206,0.9999253258733003
2022-07-06,29.325577681416807,23.037423042080917,17.088761481656096,29.27638512688735,22.983889921557296,17.05730674471221,23.15058740171794,23.105860597718955,0.9996692888654715,0.9997200102245716
2022-07-13,30.050334657895565,22.108483658245643,15.682547251605694,30.024551381264846,22.08557083424143,15.66714942598413,22.6137885225823,22.592423880496806,0.9993155631774223,0.9993774560648181
2022-07-20,32.539665954318814,21.53169477061733,13.917497881488096,32.597524954960896,21.54337828130474,13.919877993035206,22.662952868808077,22.686927076433616,0.9994213867269643,0.999444473229634
2022-07-27,34.75879385834604,22.389404353540986,13.860386245491172,34.85451364591494,22.403501820519327,13.857456534021232,23.669528152459396,23.705157333485165,0.9998670143986109,0.9998751115531938
2022-08-03,38.95600933632834,21.970587786846565,11.741953585287883,38.921476080729086,21.970561412438734,11.739106801229754,24.22285023615426,24.21038143146586,0.9999458232608085,0.9999525752023066
2022-08-10,37.200304822649606,21.173218869610466,11.107388776688085,37.4320884400366,21.210456237139677,11.11100033205477,23.160304156316055,23.251181669743683,0.9997569894663908,0.9997254309264273
2022-08-17,34.90294957585796,20.977003010182997,11.544663360536811,35.21758386367905,21.038098205982536,11.552545487664922,22.474871982192592,22.60274251910884,0.9994666085362331,0.9993523398513865
2022-08-24,36.17497906111762,21.14902608429969,12.109838503177217,36.71868892183838,21.224953165042706,12.114356201715468,23.14461454953151,23.35266609619885,0.999785546742821,0.9997070106382256
2022-08-31,38.493170834580305,20.703752216927374,12.782256605009922,39.14772920142784,20.788287446334177,12.790771952422107,23.99305988550587,24.24226286672804,0.99992838993127,0.9998930582278971
2022-09-08,33.559103036859675,20.112053004829832,13.070666760563403,33.95948874270331,20.169447875177582,13.084970015868796,22.247274267417637,22.40463554458323,0.9993901699224065,0.9992236556411178
2022-09-15,34.42799616356822,21.2768948918812,14.159102124952213,34.949436163525725,21.38035458337364,14.177008142841716,23.28799772680054,23.50226629658036,0.9998218410611268,0.9997527353902791
2022-09-22,35.659489193737436,21.655319349514762,14.88817019271564,36.175232681907865,21.76770579185604,14.92052784907649,24.067659578655945,24.287822107613465,0.9999592530902394,0.9999469525092014
2022-09-29,34.029828544605266,23.952153719402762,17.05041190131221,34.49844142979496,24.070604884704693,17.07138764219479,25.010798055106743,25.21347798556481,0.9999913380964273,0.9999901408624996
2022-10-06,35.833562868475134,25.24932388486149,17.977736949557197,36.37774781195002,25.36906519138157,18.011419180281422,26.35354123429794,26.58607739453767,0.9999990664211957,0.9999990190731902
2022-10-13,38.61623775903697,26.227379275916434,18.571468080528856,39.116860772325836,26.28577145026086,18.59915621448116,27.805028371827422,28.000596145689286,0.9999999142221707,0.9999999281032711
2022-10-20,42.160579276541156,26.759741129151497,19.509357426046634,42.57343905595403,26.753468717190692,19.553883641366593,29.476559277246427,29.626930471503773,0.9999999950962944,0.999999997025877
2022-10-27,39.25147633403153,23.71125936195939,17.520805773116983,39.54578780836452,23.6930317471697,17.54348994163491,26.8278471563693,26.92743649905638,0.9999785837877251,0.9999839204988843
2022-11-03,34.48197549642436,20.419847157693543,15.717212049272304,34.5329658047633,20.38579838225718,15.749946953276401,23.539678234463405,23.55623704676563,0.9622598864779419,0.9645384992328763
2022-11-10,31.446117972361247,20.0421850641899,15.445180728134076,31.498135639806097,20.021427280355425,15.480434964731396,22.311161254895072,22.33333262829764,0.6082167097017214,0.6087900186364605
2022-11-17,27.358726632535173,17.367461226621064,13.554600086579061,27.396417964075347,17.34639195592,13.592309246813763,19.4269293152451,19.445039722269705,0.0231464219753667,0.02237413818899935
2022-11-25,26.283192487766147,16.96185009801927,13.383885531031655,26.260587329687926,16.9357561574196,13.426004491039732,18.876309372272356,18.874115992715755,0.00046848538767957967,0.0004527497930986586
2022-12-02,26.12057037406938,16.53345394052813,13.010494572354903,25.954431772248594,16.47767273816399,13.008289505416858,18.554839628984137,18.480131338609812,1.752528726166869e-05,1.9005023769414854e-05
2022-12-09,24.08042044775648,15.626969655894241,12.602968708615691,23.73913335400052,15.487305571027376,12.535679204681152,17.436786270755473,17.254039376569683,3.0470850934749467e-06,3.906105466727871e-06
2022-12-16,24.62009629103927,15.647180393766874,12.261305965439163,24.17424595230953,15.501993503087897,12.199141566265595,17.50952755008177,17.291793673887675,3.1523576932235653e-06,4.196784106325358e-06
2022-12-23,26.32771654399963,16.48849919237042,12.993915422677102,25.82210914006093,16.336879284574746,12.927628153417496,18.60337705301572,18.362205526017725,1.0926087916245795e-05,1.484972646590954e-05
2023-01-03,29.033859355495625,17.381143202151037,13.48485285506425,28.527944894669663,17.22953964567154,13.427657554355205,19.966618470903637,19.728380698232137,5.907153234287935e-05,8.220062083292648e-05
2023-01-10,30.556963894906033,17.500358680584643,13.33481201902426,29.985053304813583,17.35782739105408,13.282662525141891,20.46404486483831,20.208514407003182,0.00012290656253852717,0.00017875471828842032
2023-01-18,31.01086087146692,18.030596124630296,13.937292767218814,30.610109298791734,17.946664184645893,13.898357666458812,20.99291658777201,20.81837704996548,0.0002427579002728519,0.0003155871897597279
2023-01-25,29.751212649442884,17.658413589173716,12.340692593227686,29.568914200197327,17.630670753263473,12.33480140863273,19.916772943948093,19.844795454031175,7.795408165875762e-05,8.882231409542644e-05
2023-02-01,29.541252358880488,17.181309238583637,11.963415609725574,29.512450806457874,17.175542727685375,11.960423792232744,19.561992402396566,19.54947244212533,4.771155694227753e-05,4.838138670093974e-05
2023-02-08,29.860270609611135,17.585642234915667,11.795402186491648,29.83030615298167,17.580042942787156,11.794948016805,19.747105010339485,19.73509903752461,5.7748177271842154e-05,5.789201358199421e-05
2023-02-15,29.29395567133529,17.144428009820945,11.903681076382366,29.28415692214203,17.143469237788022,11.903681076382366,19.447354919179535,19.44376907877081,5.056317871257349e-05,5.018689563305431e-05
2023-02-23,31.082798609528254,18.22220735883446,12.180211193878959,31.078687727587162,18.22220735883446,12.180211193878959,20.49507238741389,20.493702093433527,0.0002966947036177849,0.00029545936376130827
2023-03-02,33.28407431325693,19.39448565860951,13.009974645603338,33.28407431325693,19.39448565860951,13.009974645603338,21.89617820582326,21.89617820582326,0.0012009954172426047,0.0012171513216681633
2023-03-09,30.412867258290575,18.77568108103831,13.093648819701516,30.412867258290575,18.77568108103831,13.093648819701516,20.760732386343467,20.760732386343467,0.00041698799070208066,0.000415493811711861
2023-03-16,28.446786274241802,18.11183449117239,13.180722232703467,28.444042725060832,18.111307100736862,13.18018798181006,19.913114332705884,19.91184593586925,9.273678176610384e-05,9.152979587211373e-05
2023-03-23,24.91607211374919,16.85609820645079,12.196576753695298,24.904314277414134,16.852945029807962,12.194998306560631,17.98958235796509,17.984085871260913,7.396456701031997e-06,7.615157882613698e-06
2023-03-30,25.703916951004278,17.121212250152684,12.105930967957807,25.69113932589186,17.117945463047057,12.104400838492314,18.310353389704925,18.30449520914374,9.802471897060774e-06,1.0006842981987964e-05
2023-04-06,25.988887726159984,17.076342264622347,12.501555894766685,25.975975502990423,17.07323901333801,12.499938679229466,18.52226196184967,18.5163843985193,1.2445630451377598e-05,1.2629247144428855e-05
2023-04-14,25.08880301016822,16.10106267918419,11.996164813320549,25.085173343805568,16.10071159331934,11.995806521459174,17.72867683422432,17.727230486194696,5.0905916425794146e-06,5.279067213082527e-06
2023-04-21,24.193946115787128,15.788560753657194,11.789135863284216,24.19095172020362,15.78823256276006,11.788794540724965,17.257214244242846,17.255992941229547,3.0183065706526693e-06,3.1966605038741852e-06
2023-04-28,24.389690349190744,16.225638999028018,12.161007586663397,24.387019583051796,16.225638999028018,12.161007586663397,17.592112311627385,17.591222056247737,4.375190538541461e-06,4.561117953973065e-06
2023-05-05,24.89098491188959,16.415843978976582,12.427565340919527,24.89098491188959,16.415843978976582,12.427565340919527,17.911464743928565,17.911464743928565,1.1474951208153206e-05,1.1773539910825541e-05
2023-05-12,27.411377750774417,16.650418510084883,11.571259952004365,27.411377750774417,16.650418510084883,11.571259952004365,18.544352070954556,18.544352070954556,0.0008201098455045901,0.0008209698423674071
2023-05-19,31.5901865289758,17.634966112489785,11.632862444541505,31.5901865289758,17.634966112489785,11.632862444541505,20.286005028669027,20.286005028669027,0.06107593101293259,0.06098965240156742
2023-05-26,34.99399283856432,19.274018408858268,12.64050959752343,34.99399283856432,19.274018408858268,12.64050959752343,22.30284028164867,22.30284028164867,0.6095645006552298,0.618105693746116
2023-06-05,38.110365395278315,19.69471724269153,12.56421215338448,38.110365395278315,19.69471724269153,12.56421215338448,23.456431597118108,23.456431597118108,0.9558078198663782,0.9601332568670455
2023-06-12,40.37185296524298,19.78747619961572,12.769889420264452,40.37185296524298,19.78747619961572,12.769889420264452,24.309739528374383,24.309739528374383,0.9984331542127662,0.9987728896360718
2023-06-20,40.11464403417648,19.799595116869487,13.184397498421088,40.11464403417648,19.799595116869487,13.184397498421088,24.366212216489018,24.366212216489018,0.9999201852077052,0.9999402235135986
2023-06-27,42.55297730407187,19.975780358296195,12.611613026626042,42.55297730407187,19.975780358296195,12.611613026626042,25.046790229664705,25.046790229664705,0.9999883547779098,0.9999906520327746
2023-07-05,50.76140689973259,22.734633561616775,13.409070856366899,50.76140689973259,22.734633561616775,13.409070856366899,28.968370439238754,28.968370439238754,0.9999999840978104,0.999999992002761
2023-07-12,48.15143506312001,22.07401684070204,13.24044210105135,48.15143506312001,22.07401684070204,13.24044210105135,27.821964668291134,27.821964668291134,0.9999998835033148,0.9999999303917145
2023-07-19,48.4951918226519,23.52164422982974,14.272466781227088,48.4951918226519,23.52164422982974,14.272466781227088,28.763100944569572,28.763100944569572,0.9999999773783809,0.9999999882237106
2023-07-26,45.790466501989194,23.804088379381398,14.83292347356613,45.790466501989194,23.804088379381398,14.83292347356613,28.142492784978902,28.142492784978902,0.9999999329398138,0.9999999617004266
2023-08-02,46.00798877318626,23.761058078890716,15.398822844819316,46.00798877318626,23.761058078890716,15.398822844819316,28.389289898965433,28.389289898965433,0.9999999563522342,0.9999999759535425
2023-08-09,50.14522194950724,25.319172164794505,16.045354281469123,50.14522194950724,25.319172164794505,16.045354281469123,30.503249465256953,30.503249465256953,0.9999999990501076,0.9999999996322317
2023-08-16,48.3812217553784,25.683216407997126,15.613414853120224,48.3812217553784,25.683216407997126,15.613414853120224,29.892617672165247,29.892617672165247,0.9999999970505603,0.9999999987252283
2023-08-23,47.05158255841065,24.75196319078069,15.12468773256814,47.05158255841065,24.75196319078069,15.12468773256814,28.97607782725316,28.97607782725316,0.9999999845042953,0.999999992197793
2023-08-30,44.556874519095565,23.64220654933111,15.039348243491862,44.556874519095565,23.64220654933111,15.039348243491862,27.746143103972845,27.746143103972845,0.9999998666743344,0.9999999195945151
2023-09-07,38.2624044970887,23.2463562339499,15.12520618044528,38.2624044970887,23.2463562339499,15.12520618044528,25.544655637161295,25.544655637161295,0.999995030169102,0.9999961214838078
2023-09-14,35.84030860507282,23.717880585418488,16.831584934814977,35.84030860507282,23.717880585418488,16.831584934814977,25.463258041768757,25.463258041768757,0.999994257062547,0.9999954945837894
2023-09-21,33.62740987173674,23.565270286688865,17.105141660584543,33.62740987173674,23.565270286688865,17.105141660584543,24.765940606336716,24.765940606336716,0.9999832681849189,0.9999859992258286
2023-09-28,34.1663129520782,24.89002685163289,18.151053901211633,34.136087568565294,24.87371504667582,18.14500442097034,25.735797901640908,25.718269012070483,0.9999961814397552,0.9999971606118834
2023-10-05,38.114104392132695,27.323322881392485,21.006641376144476,38.06903818390174,27.303323611782574,20.999019647062152,28.81468954988988,28.79046048091549,0.9999999783657614,0.9999999893073951
2023-10-13,39.91891561173042,27.949070662152927,20.83492113000013,39.87126259188059,27.92811673920181,20.827952325480087,29.56763580129449,29.542443885520825,0.999999994408121,0.9999999975586498
2023-10-20,44.43698573129129,30.335024115080465,22.10086649395124,44.37134064626328,30.308896143905443,22.09142399185315,32.290958780107665,32.257220260673954,0.9999999999291012,0.9999999999803776
2023-10-27,44.72421559547627,30.392750125653897,21.99143997868548,44.657162877370396,30.367365880854926,21.983123751818233,32.369468566605214,32.335884170014516,0.9999999999291027,0.9999999999803779
2023-11-03,43.75444122008146,29.628008294471904,22.07593299487759,43.69169536432027,29.605649787577658,22.068423573248072,31.81946083647699,31.788589575048665,0.999999999918671,0.9999999999771323
2023-11-13,43.23698387688961,26.868392790565853,19.63898811268586,43.17917886584314,26.85295440662696,19.634875678306756,29.914788260047107,29.889002983592288,0.9999999970308968,0.9999999987808631
2023-11-20,44.449567080969565,24.70169379501232,17.609259566881,44.383668359594694,24.69076327917553,17.607581821946493,28.920173480954293,28.894004486905573,0.9999999820684206,0.9999999913050622
2023-11-28,43.483852936514765,24.69308722500663,17.326774164760675,43.423289971861855,24.682565336912628,17.325872130528598,28.501238108760692,28.477242479767693,0.9999999625545094,0.9999999805521701
2023-12-05,41.27783981722771,23.083965271132335,16.049506068803222,41.226250320371854,23.07523342354102,16.048398106155748,26.80377038572109,26.783293950022877,0.9999993307688386,0.9999995592695669
2023-12-12,40.99449928604312,23.179145813221506,16.116124968776994,40.94258095012826,23.173140550978086,16.114758021453984,26.763256689347212,26.743493174186778,0.9999992849131738,0.9999995262982617
2023-12-19,41.743825302552416,22.8406575543108,15.905738012829431,41.68989602478891,22.83186041133285,15.90295981858932,26.830073623230884,26.80823875157036,0.9999993572453423,0.999999579112472
2023-12-27,39.73112672958376,23.60312718786144,16.650642616328657,39.704146009138185,23.60059668950628,16.65000241519788,26.661632177924616,26.651581704614113,0.999999167612664,0.9999994329505223
2024-01-04,41.48912961795686,22.635932529131164,15.145780224971688,41.4783618346195,22.63508990324358,15.145226914237732,26.423614124019906,26.419559550700267,0.9999987831235878,0.9999991394613915
2024-01-11,41.973523109686646,22.45082922085118,15.1179560173935,41.962379142393836,22.45000566406956,15.117400532171441,26.514102782643775,26.509928446211614,0.99999894967866,0.9999992650897302
2024-01-19,41.72549237928043,22.15533856129291,15.781148131673945,41.71249102180934,22.15380969281824,15.780010100407742,26.55399302408243,26.54877027167844,0.9999990149439743,0.9999993149891913
2024-01-26,41.825130234371414,22.64917062487054,16.17640800590712,41.812078530644094,22.647567499050613,16.17522180493761,26.883569621716358,26.878289278210772,0.9999994279473265,0.9999996174204304
2024-02-02,47.80700535726558,26.02931057213197,18.39518594046266,47.78765700774631,26.026911141435665,18.39351454365822,30.74383395662007,30.736027564280068,0.9999999993865216,0.9999999997763337
2024-02-09,44.65951622183997,24.84324783274135,16.80939961261593,44.64371773587731,24.841180507174528,16.808076599656403,28.770721222399086,28.764324947569417,0.9999999774296505,0.9999999883960065
2024-02-16,41.863848778494145,24.601412285870058,17.177332459417727,41.850802945138874,24.599464231201882,17.17600132365884,27.88086450792731,27.8754228333332,0.9999998935380638,0.999999937522288
2024-02-26,39.01843661231254,23.40780683756237,16.567716945771455,39.00788905663842,23.406121769970802,16.56651806757891,26.331320131882123,26.326842964729376,0.9999984417028595,0.9999989143939906
2024-03-04,37.3514011376431,22.23538455683905,16.15529301968245,37.34211982811368,22.233933055388555,16.154180282224388,25.247359571388202,25.243411055242206,0.9999015861360434,0.9999274850283311
2024-03-11,33.6537538576124,21.09969007390121,15.727059476875407,33.646876593354875,21.0984486587849,15.72603402394181,23.493501136129677,23.490453092027195,0.9890635482244321,0.9899535226085291
2024-03-18,30.29949069849318,18.80666477209979,13.478913455527323,30.295143821309406,18.80618267234347,13.47852656245218,20.861689642040094,20.859951018701686,0.8973480650898752,0.8973481289443705
